Season,Domain,Phylum,Class,Order,Family,Genus,Species,Mean,SD,SE
Spring,Bacteria,Bacteroidetes,Bacteroidia,Bacteroidales,Bacteroidaceae,Bacteroides,Bacteroides acidifaciens,0.493102,0.54540877,0.222662198
Spring,Bacteria,Bacteroidetes,Bacteroidia,Bacteroidales,Bacteroidaceae,Bacteroides,Bacteroides cellulosilyticus,0,0,0
Spring,Bacteria,Bacteroidetes,Bacteroidia,Bacteroidales,Bacteroidaceae,Bacteroides,Bacteroides congonensis,0.187265833,0.458705738,0.187265833
Spring,Bacteria,Bacteroidetes,Bacteroidia,Bacteroidales,Bacteroidaceae,Bacteroides,Bacteroides faecis,0.357573,0.561675667,0.229303131
Spring,Bacteria,Bacteroidetes,Bacteroidia,Bacteroidales,Bacteroidaceae,Bacteroides,Bacteroides fluxus,1.3000655,1.056887139,0.431472368
Spring,Bacteria,Bacteroidetes,Bacteroidia,Bacteroidales,Bacteroidaceae,Bacteroides,Bacteroides fragilis,0.5846175,1.113389268,0.454539265
Spring,Bacteria,Bacteroidetes,Bacteroidia,Bacteroidales,Bacteroidaceae,Bacteroides,Bacteroides helcogenes,0.542033,0.602216415,0.245853822
Spring,Bacteria,Bacteroidetes,Bacteroidia,Bacteroidales,Bacteroidaceae,Bacteroides,Bacteroides ihuae,0.479447333,0.527188215,0.215223688
Spring,Bacteria,Bacteroidetes,Bacteroidia,Bacteroidales,Bacteroidaceae,Bacteroides,Bacteroides intestinalis,0.203252,0.497863689,0.203252
Spring,Bacteria,Bacteroidetes,Bacteroidia,Bacteroidales,Bacteroidaceae,Bacteroides,Bacteroides oleiciplenus,0.446780833,0.499325812,0.203848909
Spring,Bacteria,Bacteroidetes,Bacteroidia,Bacteroidales,Bacteroidaceae,Bacteroides,Bacteroides plebeius,0.305836167,0.47382926,0.193439985
Spring,Bacteria,Bacteroidetes,Bacteroidia,Bacteroidales,Bacteroidaceae,Bacteroides,Bacteroides pyogenes,0.308920333,0.494503491,0.201880205
Spring,Bacteria,Bacteroidetes,Bacteroidia,Bacteroidales,Bacteroidaceae,Bacteroides,Bacteroides rodentium,1.674318833,0.632369179,0.258163636
Spring,Bacteria,Bacteroidetes,Bacteroidia,Bacteroidales,Bacteroidaceae,Bacteroides,Bacteroides sartorii,1.821325,1.835561067,0.749364667
Spring,Bacteria,Bacteroidetes,Bacteroidia,Bacteroidales,Bacteroidaceae,Bacteroides,Bacteroides sp. 224,0.390517833,0.605747501,0.247295382
Spring,Bacteria,Bacteroidetes,Bacteroidia,Bacteroidales,Bacteroidaceae,Bacteroides,Bacteroides sp. AF34-31BH,0.327932167,0.509347045,0.20794006
Spring,Bacteria,Bacteroidetes,Bacteroidia,Bacteroidales,Bacteroidaceae,Bacteroides,Bacteroides sp. An19,0.8180085,0.436217064,0.178084871
Spring,Bacteria,Bacteroidetes,Bacteroidia,Bacteroidales,Bacteroidaceae,Bacteroides,Bacteroides sp. An322,0.151515167,0.371134847,0.151515167
Spring,Bacteria,Bacteroidetes,Bacteroidia,Bacteroidales,Bacteroidaceae,Bacteroides,Bacteroides sp. CAG:545,0.460157167,0.772701051,0.315453883
Spring,Bacteria,Bacteroidetes,Bacteroidia,Bacteroidales,Bacteroidaceae,Bacteroides,Bacteroides sp. CAG:754,0.6368525,0.510721373,0.208501128
Spring,Bacteria,Bacteroidetes,Bacteroidia,Bacteroidales,Bacteroidaceae,Bacteroides,Bacteroides sp. CAG:927,1.316093333,1.505128942,0.614466318
Spring,Bacteria,Bacteroidetes,Bacteroidia,Bacteroidales,Bacteroidaceae,Bacteroides,Bacteroides stercoris,0.187265833,0.458705738,0.187265833
Spring,Bacteria,Bacteroidetes,Bacteroidia,Bacteroidales,Bacteroidaceae,Bacteroides,Bacteroides thetaiotaomicron,1.1602235,2.071691205,0.845764393
Spring,Bacteria,Bacteroidetes,Bacteroidia,Bacteroidales,Bacteroidaceae,Bacteroides,Bacteroides timonensis,0.203252,0.497863689,0.203252
Spring,Bacteria,Bacteroidetes,Bacteroidia,Bacteroidales,Bacteroidaceae,Bacteroides,Bacteroides uniformis,3.187832833,1.516126645,0.618956111
Spring,Bacteria,Bacteroidetes,Bacteroidia,Bacteroidales,Bacteroidaceae,Bacteroides,Bacteroides vulgatus,0.4604355,0.5195576,0.212108502
Spring,Bacteria,Bacteroidetes,Bacteroidia,Bacteroidales,Bacteroidaceae,Bacteroides,Bacteroides xylanisolvens,0.929033833,0.888847446,0.36287045
Spring,Bacteria,Bacteroidetes,Bacteroidia,Bacteroidales,Bacteroidaceae,Mediterranea,Mediterranea sp. An20,0.390517833,0.605747501,0.247295382
Spring,Bacteria,Bacteroidetes,Bacteroidia,Bacteroidales,Bacteroidaceae,NA,Bacteroidaceae bacterium HV4-6-C5C,0.3249065,0.526615142,0.214989732
Spring,Bacteria,Bacteroidetes,Bacteroidia,Bacteroidales,Bacteroidaceae,NA,Bacteroidaceae bacterium,1.137914667,2.447200231,0.999065311
Spring,Bacteria,Bacteroidetes,Bacteroidia,Bacteroidales,Barnesiellaceae,Barnesiella,Barnesiella sp. An22,0.173611167,0.425258772,0.173611167
Spring,Bacteria,Bacteroidetes,Bacteroidia,Bacteroidales,Dysgonamonadaceae,Dysgonomonas,Dysgonomonas capnocytophagoides,0.173611167,0.425258772,0.173611167
Spring,Bacteria,Bacteroidetes,Bacteroidia,Bacteroidales,Dysgonamonadaceae,Dysgonomonas,Dysgonomonas sp. 511,0.273169667,0.426968353,0.1743091
Spring,Bacteria,Bacteroidetes,Bacteroidia,Bacteroidales,Muribaculaceae,Duncaniella,Duncaniella sp. TLL-A3,0.243309,0.5959829,0.243309
Spring,Bacteria,Bacteroidetes,Bacteroidia,Bacteroidales,Muribaculaceae,NA,Muribaculaceae bacterium Isolate-002 (NCI),2.433757,1.796748695,0.733519583
Spring,Bacteria,Bacteroidetes,Bacteroidia,Bacteroidales,Muribaculaceae,NA,Muribaculaceae bacterium Isolate-037 (Harlan),0.837298667,0.444425676,0.181436023
Spring,Bacteria,Bacteroidetes,Bacteroidia,Bacteroidales,Muribaculaceae,NA,Muribaculaceae bacterium Isolate-104 (HZI),0.203252,0.497863689,0.203252
Spring,Bacteria,Bacteroidetes,Bacteroidia,Bacteroidales,NA,NA,Bacteroidales bacterium 45-6,0.390517833,0.605747501,0.247295382
Spring,Bacteria,Bacteroidetes,Bacteroidia,Bacteroidales,NA,NA,Bacteroidales bacterium St1,0.73774,0.874573014,0.357042938
Spring,Bacteria,Bacteroidetes,Bacteroidia,Bacteroidales,Odoribacteraceae,Butyricimonas,Butyricimonas faecihominis,0,0,0
Spring,Bacteria,Bacteroidetes,Bacteroidia,Bacteroidales,Odoribacteraceae,Butyricimonas,Butyricimonas virosa,0.273169667,0.426968353,0.1743091
Spring,Bacteria,Bacteroidetes,Bacteroidia,Bacteroidales,Prevotellaceae,Prevotella,Prevotella buccalis,0.325126333,0.505425324,0.206339024
Spring,Bacteria,Bacteroidetes,Bacteroidia,Bacteroidales,Prevotellaceae,Prevotella,Prevotella copri,0.788367667,0.408649783,0.166830575
Spring,Bacteria,Bacteroidetes,Bacteroidia,Bacteroidales,Prevotellaceae,Prevotella,Prevotella sp. 10(H),0.357573,0.561675667,0.229303131
Spring,Bacteria,Bacteroidetes,Bacteroidia,Bacteroidales,Prevotellaceae,Prevotella,Prevotella sp. oral taxon 376,0.715644167,0.563615541,0.230095081
Spring,Bacteria,Bacteroidetes,Bacteroidia,Bacteroidales,Rikenellaceae,Alistipes,Alistipes communis,0,0,0
Spring,Bacteria,Bacteroidetes,Bacteroidia,Bacteroidales,Rikenellaceae,Alistipes,Alistipes dispar,0.699658167,0.897134848,0.366253768
Spring,Bacteria,Bacteroidetes,Bacteroidia,Bacteroidales,Rikenellaceae,Alistipes,Alistipes finegoldii,0.173611167,0.425258772,0.173611167
Spring,Bacteria,Bacteroidetes,Bacteroidia,Bacteroidales,Rikenellaceae,Alistipes,Alistipes onderdonkii,0.295265667,0.467925781,0.1910299
Spring,Bacteria,Bacteroidetes,Bacteroidia,Bacteroidales,Rikenellaceae,Alistipes,Alistipes senegalensis,1.552231667,1.647922679,0.672761616
Spring,Bacteria,Bacteroidetes,Bacteroidia,Bacteroidales,Rikenellaceae,Alistipes,Alistipes sp. AM16-43,0.154321,0.378007707,0.154321
Spring,Bacteria,Bacteroidetes,Bacteroidia,Bacteroidales,Rikenellaceae,Alistipes,Alistipes sp. An66,1.71157,0.721611841,0.2945968
Spring,Bacteria,Bacteroidetes,Bacteroidia,Bacteroidales,Rikenellaceae,Alistipes,Alistipes sp. CAG:268,0.603907667,0.756173601,0.30870658
Spring,Bacteria,Bacteroidetes,Bacteroidia,Bacteroidales,Rikenellaceae,Alistipes,Alistipes sp. HGB5,0.154321,0.378007707,0.154321
Spring,Bacteria,Bacteroidetes,Bacteroidia,Bacteroidales,Rikenellaceae,Alistipes,Alistipes sp. Z76,1.978933,1.403289541,0.572890556
Spring,Bacteria,Bacteroidetes,Bacteroidia,Bacteroidales,Rikenellaceae,Millionella,Millionella massiliensis,0.187265833,0.458705738,0.187265833
Spring,Bacteria,Bacteroidetes,Bacteroidia,Bacteroidales,Rikenellaceae,NA,Rikenellaceae bacterium,0.357573,0.561675667,0.229303131
Spring,Bacteria,Bacteroidetes,Bacteroidia,Bacteroidales,Tannerellaceae,Parabacteroides,Parabacteroides distasonis,2.493080667,1.602071172,0.654042817
Spring,Bacteria,Bacteroidetes,Bacteroidia,Bacteroidales,Tannerellaceae,Parabacteroides,Parabacteroides johnsonii,2.890669,2.285586972,0.933086974
Spring,Bacteria,Bacteroidetes,Bacteroidia,Bacteroidales,Tannerellaceae,Parabacteroides,Parabacteroides sp. AM08-6,0.151515167,0.371134847,0.151515167
Spring,Bacteria,Bacteroidetes,Bacteroidia,Bacteroidales,Tannerellaceae,Parabacteroides,Parabacteroides sp. AM58-2XD,0,0,0
Spring,Bacteria,Bacteroidetes,Bacteroidia,Bacteroidales,Tannerellaceae,Parabacteroides,Parabacteroides sp. CAG:409,0.151515167,0.371134847,0.151515167
Spring,Bacteria,Bacteroidetes,Bacteroidia,Bacteroidales,Tannerellaceae,Parabacteroides,Parabacteroides sp. CH2-D42-20,0.1216545,0.29799145,0.1216545
Spring,Bacteria,Bacteroidetes,Bacteroidia,Bacteroidales,Tannerellaceae,Parabacteroides,Parabacteroides sp. D13,0,0,0
Spring,Bacteria,Bacteroidetes,Bacteroidia,Bacteroidales,Tannerellaceae,Parabacteroides,Parabacteroides sp. TM07-1AC,0.969523667,0.600955334,0.245338988
Spring,Bacteria,Bacteroidetes,Chitinophagia,Chitinophagales,Chitinophagaceae,Chitinophaga,Chitinophaga sp. S165,0.325126333,0.505425324,0.206339024
Spring,Bacteria,Bacteroidetes,Cytophagia,Cytophagales,Cytophagaceae,Dyadobacter,Dyadobacter sp. AR-3-8,0.376863167,0.586536372,0.239452471
Spring,Bacteria,Bacteroidetes,Cytophagia,Cytophagales,Cytophagaceae,Leadbetterella,Leadbetterella byssophila,0.151515167,0.371134847,0.151515167
Spring,Bacteria,Bacteroidetes,Flavobacteriia,NA,NA,NA,Flavobacteriia bacterium,0.203252,0.497863689,0.203252
Spring,Eukaryota,Preaxostyla,NA,Oxymonadida,Streblomastigidae,Streblomastix,Streblomastix strix,0.921702,0.900722536,0.367718435
Spring,Unclassified,NA,NA,NA,NA,NA,NA,54.66178117,6.483808374,2.647003685
Summer,Bacteria,Bacteroidetes,Bacteroidia,Bacteroidales,Bacteroidaceae,Bacteroides,Bacteroides acidifaciens,0.274404,0.426473577,0.174107109
Summer,Bacteria,Bacteroidetes,Bacteroidia,Bacteroidales,Bacteroidaceae,Bacteroides,Bacteroides cellulosilyticus,1.534728,2.434932024,0.994056836
Summer,Bacteria,Bacteroidetes,Bacteroidia,Bacteroidales,Bacteroidaceae,Bacteroides,Bacteroides congonensis,0.451709,0.503720564,0.205643059
Summer,Bacteria,Bacteroidetes,Bacteroidia,Bacteroidales,Bacteroidaceae,Bacteroides,Bacteroides faecis,0.203252,0.497863689,0.203252
Summer,Bacteria,Bacteroidetes,Bacteroidia,Bacteroidales,Bacteroidaceae,Bacteroides,Bacteroides fluxus,2.021691667,1.217076058,0.49686922
Summer,Bacteria,Bacteroidetes,Bacteroidia,Bacteroidales,Bacteroidaceae,Bacteroides,Bacteroides fragilis,2.554422333,2.947552455,1.203333251
Summer,Bacteria,Bacteroidetes,Bacteroidia,Bacteroidales,Bacteroidaceae,Bacteroides,Bacteroides helcogenes,0.314465333,0.770279608,0.314465333
Summer,Bacteria,Bacteroidetes,Bacteroidia,Bacteroidales,Bacteroidaceae,Bacteroides,Bacteroides ihuae,0,0,0
Summer,Bacteria,Bacteroidetes,Bacteroidia,Bacteroidales,Bacteroidaceae,Bacteroides,Bacteroides intestinalis,0.880036167,1.012552159,0.413372688
Summer,Bacteria,Bacteroidetes,Bacteroidia,Bacteroidales,Bacteroidaceae,Bacteroides,Bacteroides oleiciplenus,0.3558425,0.564258994,0.23035777
Summer,Bacteria,Bacteroidetes,Bacteroidia,Bacteroidales,Bacteroidaceae,Bacteroides,Bacteroides plebeius,0.104821833,0.256760006,0.104821833
Summer,Bacteria,Bacteroidetes,Bacteroidia,Bacteroidales,Bacteroidaceae,Bacteroides,Bacteroides pyogenes,0.379225833,0.422815491,0.172613701
Summer,Bacteria,Bacteroidetes,Bacteroidia,Bacteroidales,Bacteroidaceae,Bacteroides,Bacteroides rodentium,1.8818845,0.44264876,0.1807106
Summer,Bacteria,Bacteroidetes,Bacteroidia,Bacteroidales,Bacteroidaceae,Bacteroides,Bacteroides sartorii,1.343320833,1.076272806,0.439386533
Summer,Bacteria,Bacteroidetes,Bacteroidia,Bacteroidales,Bacteroidaceae,Bacteroides,Bacteroides sp. 224,0.410332,0.470907783,0.192247297
Summer,Bacteria,Bacteroidetes,Bacteroidia,Bacteroidales,Bacteroidaceae,Bacteroides,Bacteroides sp. AF34-31BH,0.128205167,0.314037241,0.128205167
Summer,Bacteria,Bacteroidetes,Bacteroidia,Bacteroidales,Bacteroidaceae,Bacteroides,Bacteroides sp. An19,0.327358333,0.511461085,0.208803114
Summer,Bacteria,Bacteroidetes,Bacteroidia,Bacteroidales,Bacteroidaceae,Bacteroides,Bacteroides sp. An322,0.309364667,0.489684157,0.19991272
Summer,Bacteria,Bacteroidetes,Bacteroidia,Bacteroidales,Bacteroidaceae,Bacteroides,Bacteroides sp. CAG:545,0.349450833,0.552083647,0.225387205
Summer,Bacteria,Bacteroidetes,Bacteroidia,Bacteroidales,Bacteroidaceae,Bacteroides,Bacteroides sp. CAG:754,0.323503833,0.504633223,0.20601565
Summer,Bacteria,Bacteroidetes,Bacteroidia,Bacteroidales,Bacteroidaceae,Bacteroides,Bacteroides sp. CAG:927,2.8513105,0.575509376,0.234950719
Summer,Bacteria,Bacteroidetes,Bacteroidia,Bacteroidales,Bacteroidaceae,Bacteroides,Bacteroides stercoris,0.285981333,0.46611539,0.190290811
Summer,Bacteria,Bacteroidetes,Bacteroidia,Bacteroidales,Bacteroidaceae,Bacteroides,Bacteroides thetaiotaomicron,0.379225833,0.422815491,0.172613701
Summer,Bacteria,Bacteroidetes,Bacteroidia,Bacteroidales,Bacteroidaceae,Bacteroides,Bacteroides timonensis,0.794499,1.265774305,0.516750196
Summer,Bacteria,Bacteroidetes,Bacteroidia,Bacteroidales,Bacteroidaceae,Bacteroides,Bacteroides uniformis,4.087027833,1.622224565,0.662270405
Summer,Bacteria,Bacteroidetes,Bacteroidia,Bacteroidales,Bacteroidaceae,Bacteroides,Bacteroides vulgatus,0.635432167,0.531236778,0.216876506
Summer,Bacteria,Bacteroidetes,Bacteroidia,Bacteroidales,Bacteroidaceae,Bacteroides,Bacteroides xylanisolvens,0.274404,0.426473577,0.174107109
Summer,Bacteria,Bacteroidetes,Bacteroidia,Bacteroidales,Bacteroidaceae,Mediterranea,Mediterranea sp. An20,0.128205167,0.314037241,0.128205167
Summer,Bacteria,Bacteroidetes,Bacteroidia,Bacteroidales,Bacteroidaceae,NA,Bacteroidaceae bacterium HV4-6-C5C,0.128205167,0.314037241,0.128205167
Summer,Bacteria,Bacteroidetes,Bacteroidia,Bacteroidales,Bacteroidaceae,NA,Bacteroidaceae bacterium,0.308073833,0.512504985,0.209229284
Summer,Bacteria,Bacteroidetes,Bacteroidia,Bacteroidales,Barnesiellaceae,Barnesiella,Barnesiella sp. An22,0.508762167,0.575782331,0.235062152
Summer,Bacteria,Bacteroidetes,Bacteroidia,Bacteroidales,Dysgonamonadaceae,Dysgonomonas,Dysgonomonas capnocytophagoides,0.477656,0.543959903,0.222070701
Summer,Bacteria,Bacteroidetes,Bacteroidia,Bacteroidales,Dysgonamonadaceae,Dysgonomonas,Dysgonomonas sp. 511,0.308073833,0.512504985,0.209229284
Summer,Bacteria,Bacteroidetes,Bacteroidia,Bacteroidales,Muribaculaceae,Duncaniella,Duncaniella sp. TLL-A3,0.508762167,0.575782331,0.235062152
Summer,Bacteria,Bacteroidetes,Bacteroidia,Bacteroidales,Muribaculaceae,NA,Muribaculaceae bacterium Isolate-002 (NCI),1.921726333,1.374725475,0.561229325
Summer,Bacteria,Bacteroidetes,Bacteroidia,Bacteroidales,Muribaculaceae,NA,Muribaculaceae bacterium Isolate-037 (Harlan),0.432180167,0.495140203,0.202140141
Summer,Bacteria,Bacteroidetes,Bacteroidia,Bacteroidales,Muribaculaceae,NA,Muribaculaceae bacterium Isolate-104 (HZI),0.711973667,0.920320209,0.375719152
Summer,Bacteria,Bacteroidetes,Bacteroidia,Bacteroidales,NA,NA,Bacteroidales bacterium 45-6,0.274404,0.426473577,0.174107109
Summer,Bacteria,Bacteroidetes,Bacteroidia,Bacteroidales,NA,NA,Bacteroidales bacterium St1,0.486669667,0.544764524,0.222399186
Summer,Bacteria,Bacteroidetes,Bacteroidia,Bacteroidales,Odoribacteraceae,Butyricimonas,Butyricimonas faecihominis,0.128205167,0.314037241,0.128205167
Summer,Bacteria,Bacteroidetes,Bacteroidia,Bacteroidales,Odoribacteraceae,Butyricimonas,Butyricimonas virosa,0.274404,0.426473577,0.174107109
Summer,Bacteria,Bacteroidetes,Bacteroidia,Bacteroidales,Prevotellaceae,Prevotella,Prevotella buccalis,0.128205167,0.314037241,0.128205167
Summer,Bacteria,Bacteroidetes,Bacteroidia,Bacteroidales,Prevotellaceae,Prevotella,Prevotella copri,0.128205167,0.314037241,0.128205167
Summer,Bacteria,Bacteroidetes,Bacteroidia,Bacteroidales,Prevotellaceae,Prevotella,Prevotella sp. 10(H),0.349450833,0.552083647,0.225387205
Summer,Bacteria,Bacteroidetes,Bacteroidia,Bacteroidales,Prevotellaceae,Prevotella,Prevotella sp. oral taxon 376,0.146198833,0.358112543,0.146198833
Summer,Bacteria,Bacteroidetes,Bacteroidia,Bacteroidales,Rikenellaceae,Alistipes,Alistipes communis,0.146198833,0.358112543,0.146198833
Summer,Bacteria,Bacteroidetes,Bacteroidia,Bacteroidales,Rikenellaceae,Alistipes,Alistipes dispar,0.693776,0.885084488,0.361334229
Summer,Bacteria,Bacteroidetes,Bacteroidia,Bacteroidales,Rikenellaceae,Alistipes,Alistipes finegoldii,0.233027,0.363719958,0.148488051
Summer,Bacteria,Bacteroidetes,Bacteroidia,Bacteroidales,Rikenellaceae,Alistipes,Alistipes onderdonkii,1.106439333,1.687359846,0.688861772
Summer,Bacteria,Bacteroidetes,Bacteroidia,Bacteroidales,Rikenellaceae,Alistipes,Alistipes senegalensis,3.413027,0.978094536,0.399305422
Summer,Bacteria,Bacteroidetes,Bacteroidia,Bacteroidales,Rikenellaceae,Alistipes,Alistipes sp. AM16-43,0.146198833,0.358112543,0.146198833
Summer,Bacteria,Bacteroidetes,Bacteroidia,Bacteroidales,Rikenellaceae,Alistipes,Alistipes sp. An66,0.433715333,0.688468685,0.281066164
Summer,Bacteria,Bacteroidetes,Bacteroidia,Bacteroidales,Rikenellaceae,Alistipes,Alistipes sp. CAG:268,0.867226667,0.809301662,0.33039602
Summer,Bacteria,Bacteroidetes,Bacteroidia,Bacteroidales,Rikenellaceae,Alistipes,Alistipes sp. HGB5,0.3584645,0.55537897,0.226732515
Summer,Bacteria,Bacteroidetes,Bacteroidia,Bacteroidales,Rikenellaceae,Alistipes,Alistipes sp. Z76,1.519565667,0.854195368,0.348723799
Summer,Bacteria,Bacteroidetes,Bacteroidia,Bacteroidales,Rikenellaceae,Millionella,Millionella massiliensis,0.251020667,0.396724971,0.161962291
Summer,Bacteria,Bacteroidetes,Bacteroidia,Bacteroidales,Rikenellaceae,NA,Rikenellaceae bacterium,0.692485333,0.964225303,0.393643332
Summer,Bacteria,Bacteroidetes,Bacteroidia,Bacteroidales,Tannerellaceae,Parabacteroides,Parabacteroides distasonis,2.031910833,1.090886283,0.44535246
Summer,Bacteria,Bacteroidetes,Bacteroidia,Bacteroidales,Tannerellaceae,Parabacteroides,Parabacteroides johnsonii,1.810878,1.549281915,0.632491693
Summer,Bacteria,Bacteroidetes,Bacteroidia,Bacteroidales,Tannerellaceae,Parabacteroides,Parabacteroides sp. AM08-6,0.305510167,0.482375752,0.196929076
Summer,Bacteria,Bacteroidetes,Bacteroidia,Bacteroidales,Tannerellaceae,Parabacteroides,Parabacteroides sp. AM58-2XD,0.104821833,0.256760006,0.104821833
Summer,Bacteria,Bacteroidetes,Bacteroidia,Bacteroidales,Tannerellaceae,Parabacteroides,Parabacteroides sp. CAG:409,0.128205167,0.314037241,0.128205167
Summer,Bacteria,Bacteroidetes,Bacteroidia,Bacteroidales,Tannerellaceae,Parabacteroides,Parabacteroides sp. CH2-D42-20,0,0,0
Summer,Bacteria,Bacteroidetes,Bacteroidia,Bacteroidales,Tannerellaceae,Parabacteroides,Parabacteroides sp. D13,0.4555635,0.50939784,0.207960797
Summer,Bacteria,Bacteroidetes,Bacteroidia,Bacteroidales,Tannerellaceae,Parabacteroides,Parabacteroides sp. TM07-1AC,0.104821833,0.256760006,0.104821833
Summer,Bacteria,Bacteroidetes,Chitinophagia,Chitinophagales,Chitinophagaceae,Chitinophaga,Chitinophaga sp. S165,0.128205167,0.314037241,0.128205167
Summer,Bacteria,Bacteroidetes,Cytophagia,Cytophagales,Cytophagaceae,Dyadobacter,Dyadobacter sp. AR-3-8,0.436279,0.516225504,0.21074818
Summer,Bacteria,Bacteroidetes,Cytophagia,Cytophagales,Cytophagaceae,Leadbetterella,Leadbetterella byssophila,0.308073833,0.512504985,0.209229284
Summer,Bacteria,Bacteroidetes,Flavobacteriia,NA,NA,NA,Flavobacteriia bacterium,0.233027,0.363719958,0.148488051
Summer,Eukaryota,Preaxostyla,NA,Oxymonadida,Streblomastigidae,Streblomastix,Streblomastix strix,0.844073833,1.021999521,0.417229557
Summer,Unclassified,NA,NA,NA,NA,NA,NA,52.44222383,5.204993196,2.124929574
Winter,Bacteria,Bacteroidetes,Bacteroidia,Bacteroidales,Bacteroidaceae,Bacteroides,Bacteroides acidifaciens,0.5694942,0.791200988,0.353835839
Winter,Bacteria,Bacteroidetes,Bacteroidia,Bacteroidales,Bacteroidaceae,Bacteroides,Bacteroides cellulosilyticus,1.234568,2.760577971,1.234568
Winter,Bacteria,Bacteroidetes,Bacteroidia,Bacteroidales,Bacteroidaceae,Bacteroides,Bacteroides congonensis,0.7434072,0.727751022,0.325460151
Winter,Bacteria,Bacteroidetes,Bacteroidia,Bacteroidales,Bacteroidaceae,Bacteroides,Bacteroides faecis,0,0,0
Winter,Bacteria,Bacteroidetes,Bacteroidia,Bacteroidales,Bacteroidaceae,Bacteroides,Bacteroides fluxus,1.3129014,1.469698081,0.657268963
Winter,Bacteria,Bacteroidetes,Bacteroidia,Bacteroidales,Bacteroidaceae,Bacteroides,Bacteroides fragilis,2.4354838,4.190600548,1.874093538
Winter,Bacteria,Bacteroidetes,Bacteroidia,Bacteroidales,Bacteroidaceae,Bacteroides,Bacteroides helcogenes,0,0,0
Winter,Bacteria,Bacteroidetes,Bacteroidia,Bacteroidales,Bacteroidaceae,Bacteroides,Bacteroides ihuae,0,0,0
Winter,Bacteria,Bacteroidetes,Bacteroidia,Bacteroidales,Bacteroidaceae,Bacteroides,Bacteroides intestinalis,0.7407408,1.656346783,0.7407408
Winter,Bacteria,Bacteroidetes,Bacteroidia,Bacteroidales,Bacteroidaceae,Bacteroides,Bacteroides oleiciplenus,0,0,0
Winter,Bacteria,Bacteroidetes,Bacteroidia,Bacteroidales,Bacteroidaceae,Bacteroides,Bacteroides plebeius,0.173913,0.38888129,0.173913
Winter,Bacteria,Bacteroidetes,Bacteroidia,Bacteroidales,Bacteroidaceae,Bacteroides,Bacteroides pyogenes,0.4964936,0.728880975,0.325965481
Winter,Bacteria,Bacteroidetes,Bacteroidia,Bacteroidales,Bacteroidaceae,Bacteroides,Bacteroides rodentium,1.6416548,2.058160323,0.920437278
Winter,Bacteria,Bacteroidetes,Bacteroidia,Bacteroidales,Bacteroidaceae,Bacteroides,Bacteroides sartorii,0.4208266,0.590513823,0.26408581
Winter,Bacteria,Bacteroidetes,Bacteroidia,Bacteroidales,Bacteroidaceae,Bacteroides,Bacteroides sp. 224,0.7671838,0.701775028,0.313843333
Winter,Bacteria,Bacteroidetes,Bacteroidia,Bacteroidales,Bacteroidaceae,Bacteroides,Bacteroides sp. AF34-31BH,0.2469136,0.552115594,0.2469136
Winter,Bacteria,Bacteroidetes,Bacteroidia,Bacteroidales,Bacteroidaceae,Bacteroides,Bacteroides sp. An19,0,0,0
Winter,Bacteria,Bacteroidetes,Bacteroidia,Bacteroidales,Bacteroidaceae,Bacteroides,Bacteroides sp. An322,0.2702702,0.604342539,0.2702702
Winter,Bacteria,Bacteroidetes,Bacteroidia,Bacteroidales,Bacteroidaceae,Bacteroides,Bacteroides sp. CAG:545,0.9934072,0.614403816,0.27476974
Winter,Bacteria,Bacteroidetes,Bacteroidia,Bacteroidales,Bacteroidaceae,Bacteroides,Bacteroides sp. CAG:754,0.9934072,0.614403816,0.27476974
Winter,Bacteria,Bacteroidetes,Bacteroidia,Bacteroidales,Bacteroidaceae,Bacteroides,Bacteroides sp. CAG:927,2.5728708,1.19330647,0.533662877
Winter,Bacteria,Bacteroidetes,Bacteroidia,Bacteroidales,Bacteroidaceae,Bacteroides,Bacteroides stercoris,0.5725806,0.794467333,0.355296592
Winter,Bacteria,Bacteroidetes,Bacteroidia,Bacteroidales,Bacteroidaceae,Bacteroides,Bacteroides thetaiotaomicron,3.1150098,4.594043713,2.054518807
Winter,Bacteria,Bacteroidetes,Bacteroidia,Bacteroidales,Bacteroidaceae,Bacteroides,Bacteroides timonensis,0,0,0
Winter,Bacteria,Bacteroidetes,Bacteroidia,Bacteroidales,Bacteroidaceae,Bacteroides,Bacteroides uniformis,1.6669004,1.546636225,0.691676747
Winter,Bacteria,Bacteroidetes,Bacteroidia,Bacteroidales,Bacteroidaceae,Bacteroides,Bacteroides vulgatus,0.6941832,0.658661757,0.294562492
Winter,Bacteria,Bacteroidetes,Bacteroidia,Bacteroidales,Bacteroidaceae,Bacteroides,Bacteroides xylanisolvens,0.2702702,0.604342539,0.2702702
Winter,Bacteria,Bacteroidetes,Bacteroidia,Bacteroidales,Bacteroidaceae,Mediterranea,Mediterranea sp. An20,0.2469136,0.552115594,0.2469136
Winter,Bacteria,Bacteroidetes,Bacteroidia,Bacteroidales,Bacteroidaceae,NA,Bacteroidaceae bacterium HV4-6-C5C,0.4208266,0.590513823,0.26408581
Winter,Bacteria,Bacteroidetes,Bacteroidia,Bacteroidales,Bacteroidaceae,NA,Bacteroidaceae bacterium,0,0,0
Winter,Bacteria,Bacteroidetes,Bacteroidia,Bacteroidales,Barnesiellaceae,Barnesiella,Barnesiella sp. An22,0,0,0
Winter,Bacteria,Bacteroidetes,Bacteroidia,Bacteroidales,Dysgonamonadaceae,Dysgonomonas,Dysgonomonas capnocytophagoides,0,0,0
Winter,Bacteria,Bacteroidetes,Bacteroidia,Bacteroidales,Dysgonamonadaceae,Dysgonomonas,Dysgonomonas sp. 511,0.25,0.559016994,0.25
Winter,Bacteria,Bacteroidetes,Bacteroidia,Bacteroidales,Muribaculaceae,Duncaniella,Duncaniella sp. TLL-A3,0.9406768,0.870030827,0.389089614
Winter,Bacteria,Bacteroidetes,Bacteroidia,Bacteroidales,Muribaculaceae,NA,Muribaculaceae bacterium Isolate-002 (NCI),0.7434072,0.727751022,0.325460151
Winter,Bacteria,Bacteroidetes,Bacteroidia,Bacteroidales,Muribaculaceae,NA,Muribaculaceae bacterium Isolate-037 (Harlan),0,0,0
Winter,Bacteria,Bacteroidetes,Bacteroidia,Bacteroidales,Muribaculaceae,NA,Muribaculaceae bacterium Isolate-104 (HZI),0,0,0
Winter,Bacteria,Bacteroidetes,Bacteroidia,Bacteroidales,NA,NA,Bacteroidales bacterium 45-6,0.173913,0.38888129,0.173913
Winter,Bacteria,Bacteroidetes,Bacteroidia,Bacteroidales,NA,NA,Bacteroidales bacterium St1,0.4938272,1.104231188,0.4938272
Winter,Bacteria,Bacteroidetes,Bacteroidia,Bacteroidales,Odoribacteraceae,Butyricimonas,Butyricimonas faecihominis,0.6941832,0.658661757,0.294562492
Winter,Bacteria,Bacteroidetes,Bacteroidia,Bacteroidales,Odoribacteraceae,Butyricimonas,Butyricimonas virosa,0.7144536,1.173512576,0.524810778
Winter,Bacteria,Bacteroidetes,Bacteroidia,Bacteroidales,Prevotellaceae,Prevotella,Prevotella buccalis,0,0,0
Winter,Bacteria,Bacteroidetes,Bacteroidia,Bacteroidales,Prevotellaceae,Prevotella,Prevotella copri,0,0,0
Winter,Bacteria,Bacteroidetes,Bacteroidia,Bacteroidales,Prevotellaceae,Prevotella,Prevotella sp. 10(H),0.173913,0.38888129,0.173913
Winter,Bacteria,Bacteroidetes,Bacteroidia,Bacteroidales,Prevotellaceae,Prevotella,Prevotella sp. oral taxon 376,0,0,0
Winter,Bacteria,Bacteroidetes,Bacteroidia,Bacteroidales,Rikenellaceae,Alistipes,Alistipes communis,0.2469136,0.552115594,0.2469136
Winter,Bacteria,Bacteroidetes,Bacteroidia,Bacteroidales,Rikenellaceae,Alistipes,Alistipes dispar,1.6991772,2.925846417,1.308478296
Winter,Bacteria,Bacteroidetes,Bacteroidia,Bacteroidales,Rikenellaceae,Alistipes,Alistipes finegoldii,0.2702702,0.604342539,0.2702702
Winter,Bacteria,Bacteroidetes,Bacteroidia,Bacteroidales,Rikenellaceae,Alistipes,Alistipes onderdonkii,0,0,0
Winter,Bacteria,Bacteroidetes,Bacteroidia,Bacteroidales,Rikenellaceae,Alistipes,Alistipes senegalensis,2.0190914,2.833852374,1.267337309
Winter,Bacteria,Bacteroidetes,Bacteroidia,Bacteroidales,Rikenellaceae,Alistipes,Alistipes sp. AM16-43,0.2469136,0.552115594,0.2469136
Winter,Bacteria,Bacteroidetes,Bacteroidia,Bacteroidales,Rikenellaceae,Alistipes,Alistipes sp. An66,0.8416532,1.181027646,0.52817162
Winter,Bacteria,Bacteroidetes,Bacteroidia,Bacteroidales,Rikenellaceae,Alistipes,Alistipes sp. CAG:268,0.5405406,1.208685526,0.5405406
Winter,Bacteria,Bacteroidetes,Bacteroidia,Bacteroidales,Rikenellaceae,Alistipes,Alistipes sp. HGB5,0,0,0
Winter,Bacteria,Bacteroidetes,Bacteroidia,Bacteroidales,Rikenellaceae,Alistipes,Alistipes sp. Z76,1.260591,0.913089966,0.408346247
Winter,Bacteria,Bacteroidetes,Bacteroidia,Bacteroidales,Rikenellaceae,Millionella,Millionella massiliensis,0.2469136,0.552115594,0.2469136
Winter,Bacteria,Bacteroidetes,Bacteroidia,Bacteroidales,Rikenellaceae,NA,Rikenellaceae bacterium,1.1333914,1.775804719,0.794164013
Winter,Bacteria,Bacteroidetes,Bacteroidia,Bacteroidales,Tannerellaceae,Parabacteroides,Parabacteroides distasonis,4.2164146,1.290146962,0.576971262
Winter,Bacteria,Bacteroidetes,Bacteroidia,Bacteroidales,Tannerellaceae,Parabacteroides,Parabacteroides johnsonii,2.3526642,2.319996345,1.037533907
Winter,Bacteria,Bacteroidetes,Bacteroidia,Bacteroidales,Tannerellaceae,Parabacteroides,Parabacteroides sp. AM08-6,0.2469136,0.552115594,0.2469136
Winter,Bacteria,Bacteroidetes,Bacteroidia,Bacteroidales,Tannerellaceae,Parabacteroides,Parabacteroides sp. AM58-2XD,0.4441832,0.631624738,0.28247117
Winter,Bacteria,Bacteroidetes,Bacteroidia,Bacteroidales,Tannerellaceae,Parabacteroides,Parabacteroides sp. CAG:409,0.3225806,0.72131215,0.3225806
Winter,Bacteria,Bacteroidetes,Bacteroidia,Bacteroidales,Tannerellaceae,Parabacteroides,Parabacteroides sp. CH2-D42-20,0.6941832,0.658661757,0.294562492
Winter,Bacteria,Bacteroidetes,Bacteroidia,Bacteroidales,Tannerellaceae,Parabacteroides,Parabacteroides sp. D13,0.2469136,0.552115594,0.2469136
Winter,Bacteria,Bacteroidetes,Bacteroidia,Bacteroidales,Tannerellaceae,Parabacteroides,Parabacteroides sp. TM07-1AC,0.6708266,0.631022939,0.282202038
Winter,Bacteria,Bacteroidetes,Chitinophagia,Chitinophagales,Chitinophagaceae,Chitinophaga,Chitinophaga sp. S165,0,0,0
Winter,Bacteria,Bacteroidetes,Cytophagia,Cytophagales,Cytophagaceae,Dyadobacter,Dyadobacter sp. AR-3-8,0,0,0
Winter,Bacteria,Bacteroidetes,Cytophagia,Cytophagales,Cytophagaceae,Leadbetterella,Leadbetterella byssophila,0.3225806,0.72131215,0.3225806
Winter,Bacteria,Bacteroidetes,Flavobacteriia,NA,NA,NA,Flavobacteriia bacterium,0.4208266,0.590513823,0.26408581
Winter,Eukaryota,Preaxostyla,NA,Oxymonadida,Streblomastigidae,Streblomastix,Streblomastix strix,0,0,0
Winter,Unclassified,NA,NA,NA,NA,NA,NA,54.7718628,7.640211,3.416806232
